kata	skor
mumpuni memukau	5
tema menarik sekali	4
lengkap luar biasa	2
praktis memukau	4
trusted maksimal	2
sinkronisasi mulus optimal	4
inti sekali	3
bantuan instan luar biasa	3
termudah memukau	2
profesional luar biasa	5
hemat baterai sekali	3
adaptif banget	5
mantap	3
suci luar biasa	1
berhasil terbaik	5
zest	4
zero error banget	4
pilihan utama	4
kontrol penuh memukau	3
maksimal	3
nyaman terbaik	3
terbaik di kelasnya terbaik	4
puncak	3
perlindungan data memukau	3
kompeten	5
teliti memukau	2
valid optimal	2
unggul dari pesaing maksimal	2
futuristik terbaik	3
mudah dipelajari sekali	4
aman digunakan memukau	2
produktifitas meningkat terbaik	4
terobosan luar biasa	2
terstruktur optimal	1
terbaru banget!	2
login mudah memukau	1
teruji sekali	5
mengagumkan maksimal	2
brilian sekali	5
kerja tim banget!	4
penyimpanan efisien banget	2
fenomenal memukau	5
streaming mulus banget	1
brilian banget	5
istimewa banget!	3
perbaikan bug sekali	1
organik optimal	2
aman digunakan luar biasa	2
giga maksimal	3
terbaru terbaik	4
login mudah banget!	5
demo interaktif maksimal	4
kualitas HD maksimal	1
zebra (rapid) luar biasa	2
pengingat efektif	4
demonstrasi fitur maksimal	5
terintegrasi memukau	2
sukses banget!	1
mudah optimal	4
instruksi mudah memukau	4
elegan terbaik	2
sungguh bermanfaat luar biasa	5
mode offline luar biasa	2
terdepan sekali	3
umpan balik cepat maksimal	1
bantuan sigap banget	1
pengalaman premium luar biasa	4
vital optimal	4
kontrol penuh sekali	5
pembaruan fitur memukau	1
streaming mulus sekali	5
menguntungkan sekali	3
pasti sekali	5
peningkatan kinerja terbaik	1
mutlak sekali	3
pemecah masalah luar biasa	3
terkemuka optimal	1
terbaru sekali	2
mutakhir banget!	3
desain minimalis sekali	4
worth it banget!	3
murni banget!	2
zenit terbaik	4
terbaik terbaik	5
produktif maksimal	4
intuitif optimal	2
hemat baterai banget!	1
jelas terbaik	3
kompatibel	4
personalizable maksimal	3
prima memukau	5
perlindungan data terbaik	4
manajemen waktu optimal	3
maju banget	2
ringan	4
stabil banget	4
menakjubkan banget!	2
kreatif terbaik	5
pengalaman mulus luar biasa	1
rapi luar biasa	3
tampilan futuristik luar biasa	2
termudah sekali	2
penyimpanan efisien optimal	1
melebihi ekspektasi maksimal	4
bening maksimal	2
prioritas memukau	4
efisiensi data banget	2
ramah pengguna sekali	3
sistem stabil	4
mendukung banyak perangkat optimal	4
tangkas	3
hemat waktu maksimal	5
aktif optimal	1
inspiratif sekali	2
akses cepat maksimal	4
kontrol responsif banget	3
pembaruan berkala terbaik	2
tercepat optimal	3
produktifitas meningkat maksimal	5
ekonomis banget!	5
kurva belajar rendah optimal	3
terkontrol terbaik	5
tanpa kendala luar biasa	5
pesan jelas terbaik	4
mudah sekali	3
penggunaan daya rendah	4
tata letak rapi maksimal	2
mudah dipelajari banget	2
ekonomis luar biasa	2
langganan sepadan memukau	5
tata letak rapi banget	5
zenit memukau	2
stabil maksimal	2
amat maksimal	4
lintas platform	3
histori lengkap maksimal	3
aman digunakan maksimal	5
alami	3
menarik memukau	4
aktif maksimal	2
lintas platform terbaik	5
eksklusif maksimal	5
logis luar biasa	1
kerja tim banget	3
autentikasi ganda luar biasa	4
terbaik di kelasnya optimal	4
trusted optimal	1
produktif optimal	2
minimalis memukau	2
bebas masalah optimal	1
mutlak	5
sangat direkomendasikan memukau	3
dukungan prima luar biasa	3
premier	3
unggulan banget!	1
terluas optimal	3
mode gelap	2
zestful luar biasa	5
konten berlimpah sekali	2
inspiratif	3
bagus banget!	3
fitur kaya memukau	2
backup otomatis banget!	1
canggih maksimal	1
visualisasi banget!	4
pokok banget!	4
benar-benar membantu banget!	3
histori lengkap	5
terkontrol	4
zeal memukau	4
terbaik sekali	4
navigasi mudah memukau	2
visual yang menakjubkan	2
sejati banget	2
asik sekali	4
login mudah banget	4
responsif maksimal	2
esensial optimal	5
sangat direkomendasikan sekali	4
yakin sekali	2
worth it maksimal	3
pengalaman mulus banget!	4
roadmap jelas banget!	4
sempurna memukau	3
suara jernih terbaik	2
terang	2
sukses luar biasa	1
termudah	5
maju	2
fitur kaya banget!	2
bebas masalah memukau	1
rapi sekali	2
terprogram banget	2
solid luar biasa	1
fresh maksimal	5
aman digunakan banget	1
utama optimal	4
sangat direkomendasikan	1
adaptif sekali	5
produktifitas meningkat luar biasa	4
keren banget!	4
familiar memukau	1
zeal banget!	4
spektakuler sekali	4
unik terbaik	5
rapi optimal	4
rekomendasi tinggi	1
giga	1
premium optimal	3
mode terang terbaik	2
alami terbaik	4
mendukung banyak perangkat banget	3
jalur pintas sekali	4
terang optimal	5
suara jernih memukau	2
inti luar biasa	4
efektif memukau	2
visual yang menakjubkan memukau	3
mudah dipelajari	2
asik maksimal	3
positif sekali	4
genius	4
sangat direkomendasikan maksimal	1
instan	4
animasi halus terbaik	2
super memukau	4
mudah maksimal	4
sangat berharga banget!	4
cepat luar biasa	5
praktis luar biasa	1
tanpa kendala sekali	1
dahsyat maksimal	1
solid banget	5
perbaikan bug banget!	2
paling banget!	2
modern	1
berkelas banget	4
spektakuler optimal	5
berkilau banget!	2
handal terbaik	4
data aman optimal	2
zero error terbaik	2
kustomisasi lengkap banget!	5
memudahkan maksimal	2
kualitas streaming banget!	3
terkemuka	2
terbukti banget	1
familiar luar biasa	5
pengguna friendly banget	2
login mudah	1
pesan jelas	2
animasi responsif maksimal	3
pemecah masalah terbaik	3
tanpa buffering memukau	2
efisien terbaik	2
demonstrasi fitur sekali	1
esensial sekali	4
tertinggi sekali	1
kompak	5
grafis menawan	4
kompatibel terbaik	5
efisien banget	4
kustomisasi lengkap terbaik	1
mutakhir memukau	4
unduh cepat	3
berfungsi banget	1
warna cerah luar biasa	1
kelas atas terbaik	1
tanpa lag memukau	5
instruksi mudah sekali	1
canggih banget	3
zestful sekali	3
zero error	5
sentral sekali	5
pemulihan data terbaik	2
sistem stabil memukau	4
respons pelanggan luar biasa	3
terluas banget!	1
canggih sekali	2
sempurna maksimal	5
eksklusif memukau	5
efisiensi data	5
terinovatif sekali	4
berseri sekali	1
estetis sekali	4
visual yang menakjubkan maksimal	1
tidak rugi banget!	5
sangat membantu sekali	4
jalur pintas luar biasa	5
hebat maksimal	5
solusi cerdas terbaik	4
bebas iklan (opsional) luar biasa	3
sistem stabil banget!	5
terluas maksimal	1
asik banget	2
mengesankan optimal	2
favorit luar biasa	4
akses offline	5
unduh cepat banget!	1
artistik sekali	4
akurat memukau	4
mode gelap maksimal	2
resolusi tinggi sekali	5
eksplisit	5
inovasi berkelanjutan terbaik	3
gesit	3
pasti luar biasa	4
berkelas banget!	3
desain minimalis banget	2
pemulihan data luar biasa	5
termudah maksimal	1
terpercaya terbaik	5
fleksibel	3
penelitian aktif terbaik	1
bebas masalah banget!	4
komplit sekali	2
ringan luar biasa	4
super maksimal	3
yakin terbaik	1
inspiratif maksimal	3
prima optimal	3
pengaturan lengkap banget	1
ujicoba gratis sekali	1
utama terbaik	1
interaksi mulus luar biasa	3
bantuan instan sekali	3
pengalaman mulus terbaik	3
pasti	3
riwayat akurat sekali	1
modern memukau	4
presisi maksimal	2
bantuan sigap sekali	3
valid banget	3
kelas atas optimal	4
sejati optimal	1
menguntungkan terbaik	3
tanpa lag sekali	3
fleksibel banget!	5
berkelas memukau	2
maksimal banget	3
perbaikan bug luar biasa	3
penggunaan daya rendah banget	5
mantap memukau	4
penelitian aktif optimal	1
perlindungan data maksimal	1
zona nyaman sekali	4
zest luar biasa	3
zestful memukau	1
utama sekali	2
respons pelanggan sekali	5
selalu diandalkan banget	2
presisi tinggi banget	5
panduan langkah demi langkah maksimal	4
panduan jelas	4
riwayat akurat optimal	3
hyper banget	5
terstruktur maksimal	4
dasar luar biasa	1
tanpa kendala banget!	1
terbaik banget	2
ramah pengguna luar biasa	2
terjangkau banget!	2
histori lengkap sekali	4
serbaguna luar biasa	1
terintegrasi optimal	5
unduh cepat memukau	5
masa depan cerah	1
versi beta bagus sekali	2
memikat	2
investasi terbaik luar biasa	1
progresif	1
pilihan utama memukau	1
zebra (rapid) sekali	4
konsumsi rendah banget!	1
disiplin	4
benar-benar membantu luar biasa	4
berkilau banget	4
terbaru	1
jadwal rapi optimal	5
paling banget	3
pengguna friendly	3
mode offline banget	2
sejati luar biasa	4
hebat sekali	5
inti banget!	2
yakinkan luar biasa	5
pengalaman premium banget	4
berkualitas optimal	5
warna cerah sekali	1
memudahkan terbaik	4
ramah pengguna	1
logis banget	2
spesial	5
fitur kaya	4
multitasking hebat memukau	3
visual	2
layak diunduh sekali	2
serasi	5
enkripsi kuat banget!	1
dinamis sekali	2
terprogram	4
mode terang maksimal	1
kompak sekali	3
akses awal	5
progresif banget!	2
kapasitas besar banget	4
otentik banget	1
nyata maksimal	1
sukses maksimal	2
pembaruan fitur terbaik	2
desain minimalis maksimal	1
cerdas banget!	3
otomatik	3
favorit optimal	4
tidak rugi terbaik	3
andalan sekali	5
animasi halus	4
ujicoba gratis	4
terprogram optimal	2
grafis menawan sekali	3
enkripsi kuat terbaik	4
manajemen waktu memukau	1
tanpa cela sekali	5
penyimpanan efisien	5
pilihan utama maksimal	5
mode gelap banget	4
mega terbaik	3
roadmap jelas memukau	2
mutakhir maksimal	4
mendukung banyak perangkat luar biasa	2
jelajah optimal	4
cepat banget	3
eksklusif luar biasa	3
menyenangkan terbaik	2
sungguh memukau	3
manajemen waktu	4
eksklusif banget	4
luar biasa luar biasa	5
sinkronisasi mulus maksimal	1
benar-benar sekali	3
pembaruan fitur sekali	5
pokok sekali	5
penyelesaian masalah maksimal	3
kontrol penuh banget!	1
melebihi ekspektasi terbaik	3
riwayat akurat	3
nilai plus banget	2
gesture intuitif luar biasa	1
transisi lancar luar biasa	5
bebas iklan (opsional) banget	2
interaktif luar biasa	3
sesuai harapan memukau	1
tata letak rapi memukau	2
berhasil memukau	3
tampilan futuristik optimal	3
bagus maksimal	5
mode offline memukau	1
nyata banget!	1
adaptif banget!	1
versi beta bagus memukau	3
sistematis	1
andalan terbaik	4
tampilan memukau optimal	2
suci banget	5
terbukti maksimal	1
streaming mulus	1
luar biasa banget	3
dukungan prima	2
futuristik	1
sempurna banget	4
terarah banget!	2
respons pelanggan maksimal	1
stabil terbaik	2
respons pelanggan	2
produktif sekali	1
betul-betul	1
tutorial visual sekali	5
demo interaktif banget	1
penelitian aktif banget!	5
inovatif	1
penyelesaian masalah memukau	2
bantuan instan banget!	1
eksklusif optimal	4
pesan jelas banget	5
daftar cepat luar biasa	4
istimewa memukau	2
perlindungan data	4
zero error banget!	2
responsif memukau	2
trusted terbaik	2
bantuan instan	5
hyper	1
pengalaman mulus memukau	1
lengkap banget	4
pengembangan pesat maksimal	4
akses offline terbaik	5
terkontrol luar biasa	2
yakinkan banget!	2
selalu diandalkan maksimal	5
umpan balik cepat terbaik	4
kualitas HD memukau	4
visual yang menakjubkan terbaik	2
pop-up informatif	4
jadwal rapi banget!	3
estetis maksimal	1
super banget	5
animasi responsif luar biasa	4
mutlak memukau	1
visual memukau	4
enkripsi kuat	5
trusted banget	5
interaktif terbaik	3
berfungsi	1
aman	4
visual yang menakjubkan banget	4
transisi lancar	3
terstruktur memukau	2
memudahkan banget	3
akurat banget!	3
pasti memukau	3
mode gelap optimal	3
pengaturan lengkap maksimal	2
pemulihan data sekali	2
benar-benar membantu sekali	4
langganan sepadan banget!	3
seketika	3
fresh banget	1
kustomisasi lengkap optimal	5
integrasi lancar optimal	3
terdepan banget!	3
halus banget	2
maksimal terbaik	1
tidak rugi	2
progresif maksimal	4
desain modern optimal	4
kerja tim maksimal	4
lengkap	4
hemat baterai optimal	2
data aman banget	5
terpercaya optimal	4
detail sempurna optimal	1
mumpuni sekali	1
maju luar biasa	2
realistis sekali	4
intuitif maksimal	1
jadwal rapi memukau	2
pengguna friendly sekali	3
prima maksimal	3
penggunaan daya rendah optimal	4
kualitas streaming luar biasa	2
optimis maksimal	5
suci sekali	3
autentikasi ganda banget	1
animasi responsif banget	3
percobaan gratis luar biasa	5
jernih memukau	3
wajib punya sekali	1
kontrol responsif maksimal	2
mendukung banyak perangkat maksimal	5
pengingat efektif terbaik	3
lengkap terbaik	4
jelas sekali	2
navigasi mudah maksimal	4
perlindungan data banget	3
andalan banget!	2
cepat terbaik	1
investasi terbaik banget!	4
berfungsi sekali	3
opsi kustomisasi memukau	2
luar biasa maksimal	2
fondasi sekali	3
sangat optimal	4
produktifitas meningkat banget!	1
valid	4
intuitif terbaik	3
fantastis	5
notifikasi tepat terbaik	3
zestful banget!	1
investasi terbaik maksimal	2
termudah banget!	5
bagus terbaik	4
super terbaik	3
animasi responsif terbaik	2
terandal banget	5
tutorial lengkap sekali	4
komplit memukau	5
otentik maksimal	3
giga memukau	3
vital luar biasa	4
kurva belajar rendah memukau	3
unggah cepat maksimal	4
dasar sekali	2
realistis memukau	1
penyesuaian otomatis banget	2
manajemen waktu maksimal	5
dinamis memukau	3
tutorial lengkap terbaik	3
mudah dipelajari maksimal	5
orisinil	4
tampilan memukau banget!	1
kualitas HD banget	2
pop-up informatif terbaik	2
mengagumkan terbaik	4
presisi optimal	3
akses cepat memukau	5
pemulihan data optimal	4
artistik banget	4
asik memukau	5
terlengkap optimal	2
jempolan optimal	3
prioritas sekali	1
solusi cerdas optimal	3
kompak memukau	2
luar biasa optimal	4
fenomenal sekali	1
visualisasi luar biasa	1
otentik	5
gesture intuitif terbaik	1
valid maksimal	3
layak diunduh	2
masa depan cerah memukau	2
tata letak rapi	2
notifikasi tepat luar biasa	5
mengagumkan banget	1
simpan offline sekali	1
langsung	4
nyaman memukau	2
sangat berharga maksimal	4
teratur optimal	2
tanpa buffering terbaik	2
nyata memukau	2
zest banget!	5
teratur sekali	3
ekonomis sekali	2
terang terbaik	5
panduan langkah demi langkah sekali	5
rekomendasi tinggi sekali	3
zero error optimal	1
penyesuaian otomatis sekali	3
selalu diandalkan memukau	4
teliti banget	1
terbaik di kelasnya memukau	2
tampilan memukau memukau	1
komplit optimal	5
sungguh bermanfaat optimal	2
inovatif sekali	1
rapi terbaik	4
istimewa luar biasa	3
akses awal memukau	5
pemecah masalah optimal	1
jempolan banget	3
simpan offline terbaik	1
efisiensi data terbaik	4
melebihi ekspektasi banget!	3
sinkronisasi mulus terbaik	2
akses cepat sekali	2
terlengkap maksimal	2
menakjubkan maksimal	4
opsi kustomisasi banget!	2
inovasi berkelanjutan luar biasa	5
giga terbaik	1
desain minimalis optimal	2
spontan	2
notifikasi tepat maksimal	1
nyata terbaik	2
masa depan cerah optimal	4
mumpuni maksimal	5
jalur pintas banget!	1
cerdas sekali	5
terkontrol sekali	4
optimis banget	3
pengaturan lengkap terbaik	4
data aman luar biasa	5
maju banget!	2
solid terbaik	5
zestful maksimal	5
antarmuka intuitif luar biasa	2
betul-betul optimal	5
warna cerah optimal	3
umpan balik cepat luar biasa	2
menakjubkan terbaik	3
ujicoba gratis maksimal	4
organik maksimal	5
fondasi banget	3
tanpa lag luar biasa	4
terstruktur	3
zebra (rapid) maksimal	3
kinerja superior optimal	3
kontrol penuh optimal	2
estetis luar biasa	3
sempurna terbaik	4
progresif memukau	2
hemat baterai	4
kontrol responsif banget!	3
fantastis banget	2
visual luar biasa	5
teliti	2
data aman	1
fleksibilitas tinggi maksimal	3
pesan jelas banget!	4
berkualitas banget	2
unggah cepat memukau	1
terbagus memukau	3
bersih banget!	4
kustomisasi lengkap sekali	4
zenit	2
fitur kaya optimal	2
notifikasi tepat banget	2
konten berlimpah optimal	3
terkoordinasi	3
tanpa buffering luar biasa	5
teruji optimal	4
lancar memukau	1
animasi halus memukau	4
teruji banget	5
unggah cepat banget	1
jadwal rapi sekali	1
tema menarik terbaik	3
estetis terbaik	4
daftar cepat	4
organik banget!	2
pengalaman premium sekali	1
antarmuka intuitif banget!	5
berguna terbaik	1
lengkap banget!	3
unggulan memukau	1
berbagi cepat optimal	2
unggulan banget	4
benar-benar	4
dasar	2
pengembangan pesat	5
premium luar biasa	2
hemat baterai luar biasa	2
istimewa sekali	3
efektif maksimal	2
revolusioner banget!	3
brilian optimal	2
daftar cepat terbaik	4
super	4
sangat berharga sekali	2
kapasitas besar maksimal	1
unggulan	3
berpotensi	2
presisi tinggi sekali	5
panduan jelas maksimal	2
pengaturan lengkap sekali	2
antarmuka intuitif memukau	5
alami banget	3
sangat	2
halus optimal	4
genuine banget	2
rekomendasi tinggi memukau	5
fenomenal optimal	3
kunci sekali	1
revolusioner sekali	2
tanpa cela banget	4
zebra (rapid) terbaik	3
mode gelap banget!	4
sangat membantu	1
terkemuka maksimal	1
aman digunakan terbaik	4
sederhana memukau	2
melebihi ekspektasi	2
kreatif luar biasa	4
rekomendasi tinggi terbaik	2
versi beta bagus banget!	3
terbaik di kelasnya luar biasa	2
genuine memukau	1
asik luar biasa	1
lintas platform sekali	1
tampilan memukau terbaik	5
pembaruan berkala banget!	3
maju memukau	4
pilihan utama sekali	2
desain elegan maksimal	5
kreatif memukau	2
penting luar biasa	2
mendukung banyak perangkat sekali	4
pengalaman mulus maksimal	5
tanpa cela	1
panduan jelas sekali	1
canggih terbaik	2
demonstrasi fitur banget!	3
visual sekali	1
enkripsi kuat luar biasa	1
langganan sepadan maksimal	2
positif memukau	5
terarah optimal	5
login mudah optimal	5
lugas	3
lancar banget!	3
akurat banget	2
inti terbaik	2
betul-betul sekali	4
kolaborasi mudah optimal	3
animasi halus sekali	3
jernih optimal	5
akses cepat banget	3
transparan maksimal	4
bantuan instan memukau	3
gesture intuitif maksimal	1
histori lengkap optimal	2
pembaruan berkala maksimal	3
panduan jelas banget!	3
mendukung banyak perangkat memukau	3
terbaik optimal	1
trendi maksimal	1
pembaruan berkala luar biasa	3
asli luar biasa	4
interaktif maksimal	4
organik memukau	5
layak diunduh terbaik	2
adaptif luar biasa	5
keren terbaik	3
jelas maksimal	2
aman banget!	2
integrasi lancar luar biasa	4
sempurna optimal	5
asli banget!	5
grafis menawan banget	1
minimalis banget	5
efisien	2
berkualitas luar biasa	3
efisien maksimal	1
hyper banget!	2
nyaman maksimal	4
penyimpanan efisien sekali	3
minimalis sekali	5
pesan jelas optimal	2
terlatih	3
handal optimal	2
presisi tinggi banget!	4
prima sekali	1
tim support cepat luar biasa	2
transparan banget!	2
animasi halus luar biasa	2
terbagus banget!	5
memudahkan banget!	4
artistik maksimal	4
amat banget	3
tiada tara	5
simetris	2
ekonomis terbaik	2
ekonomis maksimal	5
futuristik optimal	5
trendi memukau	5
privasi terjaga luar biasa	1
konten berlimpah maksimal	2
revolusioner maksimal	1
kunci terbaik	3
worth it banget	3
tata letak rapi banget!	2
visual banget!	5
transparan	4
akses offline maksimal	2
yakin luar biasa	1
desain elegan	3
pasti maksimal	4
lintas platform memukau	2
solusi cerdas memukau	2
progresif sekali	3
login mudah sekali	3
sukses memukau	5
keren optimal	3
berkemampuan	1
mengesankan banget!	5
fleksibilitas tinggi luar biasa	5
kualitas HD banget!	2
demo interaktif	4
bersih	5
visual yang menakjubkan optimal	3
desain minimalis luar biasa	3
terprogram memukau	3
privasi terjaga optimal	5
pasti banget!	1
murni	3
lancar sekali	2
panduan langkah demi langkah terbaik	3
berhasil sekali	2
kreatif sekali	5
tertinggi banget	5
halus	5
amat sekali	3
terbaik maksimal	2
kapasitas besar sekali	4
realistis	3
utama memukau	2
rapi maksimal	5
mengesankan maksimal	2
presisi tinggi memukau	2
terjamin terbaik	2
aman memukau	1
fantastis banget!	2
demonstrasi fitur luar biasa	5
solid sekali	1
fantastis memukau	4
mega luar biasa	3
bening	3
tampilan memukau maksimal	1
privasi terjaga terbaik	2
langganan sepadan optimal	1
paling	1
hemat baterai memukau	5
bebas iklan (opsional) sekali	5
nyaman	1
favorit	5
terandal maksimal	2
pembaruan fitur	1
sederhana banget	3
sesuai harapan banget!	4
optimis memukau	3
jempolan memukau	2
unggah cepat banget!	5
natural sekali	5
masa depan cerah sekali	5
visual yang menakjubkan luar biasa	2
terang banget!	2
minimalis optimal	4
cerah banget!	4
profesional optimal	2
hemat waktu luar biasa	5
optimal optimal	2
simpan offline memukau	5
fondasi banget!	2
sangat membantu banget!	3
sesuai harapan sekali	5
forum support	2
yakin memukau	2
tutorial visual terbaik	2
demonstrasi fitur	5
rapi banget	4
natural memukau	2
berhasil optimal	5
optimasi baik memukau	1
kompatibel banget	4
menyenangkan sekali	2
futuristik banget	3
fleksibilitas tinggi terbaik	2
futuristik memukau	3
aktif sekali	4
asli memukau	4
langka	1
responsif luar biasa	5
modern terbaik	2
halus luar biasa	4
efisien banget!	2
kelas atas maksimal	1
jelajah banget!	4
pesan jelas maksimal	3
progresif optimal	2
resolusi tinggi optimal	5
ultra banget!	4
enkripsi kuat optimal	5
swakarsa	1
optimis optimal	2
perlindungan data luar biasa	1
animasi halus banget!	4
mengagumkan luar biasa	4
stabilisasi sistem luar biasa	3
aman luar biasa	4
desain elegan sekali	4
tutorial visual maksimal	2
total sekali	1
backup otomatis	5
pokok memukau	3
terandal terbaik	4
zest banget	4
istimewa banget	3
fondasi memukau	4
daftar cepat banget!	3
sangat membantu terbaik	1
otomatis	3
stabil memukau	4
komplit banget!	4
realistis banget	5
aman banget	5
kualitas HD	1
elegan sekali	1
logis sekali	4
interaksi mulus banget!	2
serbaguna	2
berbagi cepat luar biasa	4
dasar maksimal	4
serbaguna banget!	3
privat	4
kompatibilitas luas banget!	3
berkelas luar biasa	4
pilihan utama luar biasa	3
bebas iklan (opsional) maksimal	4
futuristik banget!	1
inspiratif optimal	4
praktis sekali	2
tampilan memukau sekali	2
kompatibilitas luas banget	1
sangat berharga memukau	5
menawan	4
sentral banget!	2
transparan terbaik	4
efektif optimal	3
kolaborasi mudah maksimal	3
penelitian aktif memukau	1
spektakuler luar biasa	5
sesuai harapan banget	2
natural maksimal	1
tanpa buffering banget!	4
dahsyat luar biasa	2
inovatif memukau	3
mengagumkan banget!	4
interaksi mulus banget	3
pengingat efektif memukau	3
kinerja superior	5
kelas atas	1
vital banget	5
terbagus banget	3
kompak luar biasa	1
indah banget	5
fitur premium terbaik	2
minimalis	2
terluas luar biasa	5
versi beta bagus maksimal	5
wajib punya luar biasa	5
terdepan maksimal	1
sungguh bermanfaat memukau	5
panduan langkah demi langkah memukau	1
ramah banget!	1
pembaruan fitur luar biasa	5
paling terbaik	5
cerah memukau	2
canggih	5
konsumsi rendah maksimal	1
forum support maksimal	4
indah memukau	2
demonstrasi fitur memukau	1
kunci optimal	2
pengembangan pesat terbaik	2
presisi banget!	2
praktis banget!	1
kontrol responsif memukau	3
sejati banget!	4
investasi terbaik sekali	2
esensial	3
unggulan sekali	4
komunitas aktif luar biasa	5
genuine optimal	4
terbaik	3
solid optimal	1
mega memukau	1
hemat waktu terbaik	1
hemat baterai maksimal	5
sungguh sekali	4
tanpa buffering banget	2
favorit terbaik	4
desain minimalis terbaik	2
total memukau	3
dukungan prima memukau	3
pengalaman premium maksimal	5
versi beta bagus optimal	3
fleksibel luar biasa	5
simpan offline banget	4
tanpa lag maksimal	3
amat memukau	1
menyeluruh	2
optimal banget!	2
bening luar biasa	1
lengkap maksimal	3
navigasi mudah luar biasa	3
antarmuka intuitif optimal	5
bersih optimal	3
resolusi tinggi	2
logis	4
konsumsi rendah terbaik	5
respons pelanggan banget!	4
wajib punya memukau	2
streaming mulus terbaik	3
terang maksimal	5
sangat luar biasa	1
dukungan prima sekali	5
panduan jelas banget	2
autentikasi ganda	3
grafis menawan banget!	2
animasi halus optimal	4
pemimpin	4
berkualitas banget!	5
grafis menawan maksimal	5
komunitas aktif	1
pop-up informatif optimal	2
tidak rugi sekali	1
desain minimalis memukau	1
terbaik di kelasnya banget	2
kurva belajar rendah sekali	1
kompatibilitas luas terbaik	3
mode terang banget!	4
familiar banget!	2
berbagi cepat banget!	2
jalur pintas maksimal	2
kontrol responsif	4
bening memukau	3
produktifitas meningkat	2
dinamis banget!	3
bebas iklan (opsional) optimal	3
zeal	3
mutakhir optimal	2
revolusioner	5
efektif banget!	3
minimalis luar biasa	3
nilai plus memukau	5
sentral optimal	1
tercepat terbaik	5
artistik luar biasa	2
mudah memukau	4
unggul	4
familiar terbaik	1
terkontrol optimal	5
trendi optimal	3
terlengkap banget	4
nilai plus optimal	5
alami maksimal	2
langganan sepadan luar biasa	1
navigasi mudah sekali	4
efisien optimal	4
berfungsi memukau	2
terarah terbaik	1
presisi banget	3
histori lengkap memukau	1
pengguna friendly maksimal	5
organik sekali	3
hebat banget!	5
menyenangkan optimal	3
inovatif optimal	3
cerah optimal	5
mumpuni	1
total terbaik	1
zebra (rapid) optimal	2
unggul dari pesaing	1
personalizable banget	2
menguntungkan memukau	1
zero error sekali	2
fondasi optimal	2
estetis banget	2
nilai lebih optimal	4
tertinggi	1
fenomenal luar biasa	3
cerah sekali	2
streaming mulus maksimal	1
berkualitas memukau	2
fondasi terbaik	3
dasar banget	4
pengembangan pesat sekali	4
konten berlimpah memukau	1
tim support cepat maksimal	3
tertinggi banget!	3
demonstrasi fitur terbaik	1
dukungan prima banget!	4
mode gelap sekali	3
benar-benar membantu optimal	3
sangat berharga terbaik	3
berkelas sekali	1
tata letak rapi luar biasa	4
terdepan banget	1
bening terbaik	2
interaksi mulus terbaik	5
cerah banget	3
worth it sekali	3
mode offline banget!	5
eksklusif	3
ramah luar biasa	2
hebat terbaik	5
zestful banget	5
menggugah	4
terluas memukau	2
suara jernih banget	2
fitur premium optimal	3
keren	3
solusi cerdas banget	5
positif luar biasa	2
memudahkan optimal	2
warna cerah banget!	3
menyenangkan	2
penyelesaian masalah optimal	5
percobaan gratis memukau	1
cerah luar biasa	5
dahsyat memukau	2
terluas banget	3
berkilau optimal	4
sukses sekali	2
bening optimal	2
zest optimal	4
bantuan sigap maksimal	1
kurva belajar rendah maksimal	3
aman digunakan	4
menakjubkan luar biasa	3
mudah dipelajari banget!	3
transparan banget	2
optimal banget	2
memuaskan sekali	3
login mudah terbaik	5
unduh cepat banget	5
canggih optimal	3
panduan langkah demi langkah banget	5
fresh optimal	3
teliti luar biasa	3
tutorial lengkap memukau	4
penyesuaian otomatis terbaik	4
selalu diandalkan banget!	5
berhasil luar biasa	1
mengagumkan sekali	5
artistik	5
streaming mulus memukau	2
nilai lebih banget	1
valid memukau	2
realistis maksimal	1
pengalaman premium terbaik	5
genuine	5
pengalaman mulus banget	1
ultra	5
betul-betul luar biasa	3
manajemen waktu sekali	3
terang sekali	4
intuitif	1
terlengkap	5
menarik banget	1
unggul dari pesaing banget!	5
interaksi mulus sekali	5
lancar	2
handal luar biasa	4
detail sempurna sekali	5
multitasking hebat terbaik	1
hebat memukau	1
premium maksimal	5
inti memukau	1
jelajah	1
sederhana	1
lancar terbaik	1
umpan balik cepat banget	5
nilai plus banget!	2
efisiensi data luar biasa	5
tim support cepat memukau	1
terjamin luar biasa	1
unik	2
tampilan memukau	3
berhasil maksimal	1
pop-up informatif memukau	4
kurva belajar rendah banget!	3
ramah pengguna maksimal	5
kustomisasi lengkap maksimal	5
dahsyat	3
hemat waktu banget!	2
zenit optimal	5
aman digunakan optimal	4
indah optimal	4
tercepat banget!	3
layak diunduh luar biasa	2
terobosan banget	1
privasi terjaga sekali	5
percobaan gratis maksimal	1
tanpa cela maksimal	5
komunitas aktif memukau	1
vital banget!	3
kapasitas besar	1
sesuai harapan luar biasa	3
penggunaan daya rendah memukau	1
berfungsi optimal	2
unik optimal	4
maksimal sekali	4
desain modern banget	1
lintas platform luar biasa	1
desain modern maksimal	5
pilihan utama optimal	5
sungguh bermanfaat sekali	4
peningkatan kinerja	4
premium	5
ekonomis optimal	4
alami banget!	2
berhasil banget!	5
benar-benar maksimal	2
sukses banget	4
dinamis banget	4
riwayat akurat maksimal	2
stabilisasi sistem terbaik	3
halus sekali	2
pilihan utama banget	2
percobaan gratis sekali	5
menakjubkan	1
produktif terbaik	5
terbukti terbaik	1
solid maksimal	3
menyenangkan luar biasa	1
panduan langkah demi langkah	3
produktif banget!	1
inti optimal	4
unduh cepat luar biasa	2
terbagus optimal	4
konsumsi rendah sekali	3
streaming mulus optimal	1
efisiensi data maksimal	1
menyenangkan banget!	1
terbukti banget!	2
privasi terjaga maksimal	2
sangat membantu maksimal	4
stabilisasi sistem	3
familiar banget	2
vital sekali	3
optimal terbaik	3
terbaik di kelasnya sekali	1
layak diunduh optimal	5
forum support terbaik	2
halus memukau	1
ujicoba gratis banget	4
perbaikan bug maksimal	2
serbaguna banget	5
wajib punya optimal	4
familiar optimal	2
terlengkap banget!	2
instruksi mudah optimal	5
giga sekali	1
tercepat luar biasa	4
kompak banget	3
suci	1
bantuan sigap memukau	1
pemecah masalah banget!	2
penyelesaian masalah terbaik	4
notifikasi tepat banget!	2
termudah terbaik	4
terandal banget!	3
inti banget	3
terstruktur terbaik	2
nyata luar biasa	1
terpercaya sekali	4
penyesuaian otomatis memukau	2
halus maksimal	1
mengesankan luar biasa	4
sangat direkomendasikan banget!	3
manajemen waktu banget!	5
tim support cepat banget!	3
mode terang optimal	1
kolaborasi mudah terbaik	3
jelajah memukau	3
handal memukau	1
zeal terbaik	1
intuitif banget	2
kinerja superior banget	3
utama luar biasa	2
sinkronisasi mulus	2
autentikasi ganda memukau	4
mode offline sekali	3
terandal	4
teliti optimal	3
kompatibel optimal	5
tim support cepat	5
giga banget	5
integrasi lancar banget	2
login mudah maksimal	1
cepat sekali	3
tanpa cela banget!	5
unggulan terbaik	5
realistis terbaik	2
mantap optimal	1
pembaruan fitur optimal	4
sentral memukau	3
natural optimal	4
backup otomatis memukau	4
berkilau memukau	1
dasar terbaik	1
penyesuaian otomatis maksimal	1
kontrol penuh maksimal	3
histori lengkap banget!	3
tercepat memukau	1
tertinggi maksimal	3
kolaborasi mudah	5
favorit memukau	5
mumpuni optimal	3
dahsyat optimal	2
sangat berharga	3
resolusi tinggi maksimal	4
paling optimal	5
super banget!	5
jadwal rapi terbaik	1
teliti banget!	1
terintegrasi	2
murni sekali	4
akurat luar biasa	1
sukses terbaik	5
menakjubkan sekali	2
tampilan futuristik terbaik	3
penyimpanan efisien terbaik	5
spektakuler maksimal	4
pengaturan lengkap	4
peningkatan kinerja luar biasa	4
stabilisasi sistem maksimal	4
tutorial visual	3
kinerja superior maksimal	5
logis maksimal	3
fondasi luar biasa	2
unggul dari pesaing sekali	1
kontrol penuh banget	2
sungguh banget!	5
wajib punya banget	3
pengguna friendly optimal	2
wajib punya banget!	4
sinkronisasi mulus sekali	5
visualisasi memukau	2
kreatif banget	4
instruksi mudah terbaik	2
rapi banget!	5
presisi luar biasa	2
nyaman luar biasa	3
mengagumkan memukau	3
terbukti memukau	5
zebra (rapid) banget!	2
keren luar biasa	3
opsi kustomisasi optimal	2
memuaskan terbaik	1
ujicoba gratis terbaik	1
tutorial visual optimal	2
efisiensi data memukau	3
efisiensi data banget!	4
antarmuka intuitif maksimal	4
tutorial visual luar biasa	3
natural banget!	3
bersih banget	5
tutorial visual banget	4
berkilau	2
tertinggi optimal	5
berseri	1
suara jernih sekali	5
zona nyaman optimal	4
presisi sekali	2
investasi terbaik	4
sangat direkomendasikan terbaik	1
kolaborasi mudah memukau	3
teruji terbaik	1
tema menarik	5
progresif luar biasa	3
demo interaktif terbaik	1
tercepat maksimal	2
opsi kustomisasi luar biasa	2
roadmap jelas sekali	3
terdepan optimal	4
percobaan gratis optimal	5
fitur premium	1
sungguh bermanfaat	5
stabilisasi sistem banget!	4
pengembangan pesat luar biasa	1
bersih luar biasa	4
asli optimal	3
kontrol penuh luar biasa	4
melebihi ekspektasi memukau	4
tema menarik memukau	1
visualisasi optimal	2
familiar sekali	5
akses offline banget	5
jernih sekali	4
kerja tim terbaik	3
mode gelap luar biasa	1
terobosan maksimal	1
opsi kustomisasi	5
lintas platform banget	2
unggul dari pesaing memukau	5
login mudah luar biasa	5
demo interaktif luar biasa	4
forum support optimal	2
bebas masalah terbaik	5
terluas sekali	2
vital memukau	3
unggul dari pesaing terbaik	4
bantuan sigap optimal	1
akses offline sekali	3
responsif banget!	4
perbaikan bug	2
backup otomatis maksimal	1
faktual	5
terprogram luar biasa	2
ramah maksimal	2
adaptif maksimal	4
pengguna friendly terbaik	3
amat banget!	1
sangat membantu luar biasa	4
integrasi lancar	1
terdepan	5
kompatibel memukau	2
panduan langkah demi langkah luar biasa	1
presisi memukau	5
detail sempurna banget!	1
berbagi cepat sekali	5
akurat terbaik	1
teratur	2
riwayat akurat banget!	3
total maksimal	3
kurva belajar rendah terbaik	5
fleksibel memukau	4
esensial maksimal	1
progresif banget	5
unggulan optimal	1
berguna sekali	5
suci maksimal	5
terobosan sekali	5
trusted sekali	1
suara jernih	1
rapi memukau	2
natural	1
manajemen waktu luar biasa	1
pemecah masalah banget	2
nyata sekali	3
positif banget	1
melebihi ekspektasi sekali	5
kelas atas memukau	1
mode terang	2
versi beta bagus terbaik	5
sinkronisasi mulus luar biasa	1
benar-benar membantu	4
zest terbaik	3
halus banget!	4
terarah maksimal	5
enkripsi kuat maksimal	3
penyesuaian otomatis optimal	3
aktif terbaik	5
panduan langkah demi langkah optimal	3
terpercaya luar biasa	2
tercepat sekali	3
peningkatan kinerja memukau	5
maju maksimal	1
demonstrasi fitur banget	1
natural banget	2
data aman banget!	2
pasti optimal	1
penyelesaian masalah	2
giga luar biasa	4
respons pelanggan optimal	5
sempurna sekali	1
ekstra maksimal	5
tanpa cela terbaik	4
pokok	2
ekstra terbaik	2
natural luar biasa	3
esensial banget	2
inovatif maksimal	3
perlindungan data sekali	5
mutlak optimal	3
tanpa lag optimal	1
multitasking hebat	4
umpan balik cepat	3
handal sekali	1
termudah optimal	1
responsif banget	5
kontrol responsif sekali	1
visual terbaik	1
genuine maksimal	2
aktif	1
ekonomis	5
spesifik	3
akses awal banget!	5
menyenangkan memukau	1
profesional banget	3
ramah	3
canggih luar biasa	5
unggulan maksimal	3
betul-betul banget!	4
terpercaya maksimal	3
privasi terjaga	3
komunitas aktif optimal	2
inovasi berkelanjutan maksimal	1
dahsyat banget!	5
akurat maksimal	5
lintas platform optimal	2
tema menarik maksimal	4
nyata optimal	4
akses cepat	2
fresh luar biasa	4
fitur kaya sekali	2
yakin banget	1
teruji banget!	2
spektakuler	4
antarmuka intuitif	4
adaptif memukau	3
kolaborasi mudah luar biasa	2
profesional sekali	2
organik	4
kustomisasi lengkap	3
konsumsi rendah memukau	2
mengesankan terbaik	5
mumpuni luar biasa	2
fleksibel terbaik	5
perlindungan data optimal	3
tanpa kendala maksimal	2
terinovatif memukau	5
inovasi berkelanjutan memukau	4
dukungan prima banget	5
artistik memukau	3
kapasitas besar memukau	4
nyata	2
kunci luar biasa	4
cepat memukau	2
sistem stabil optimal	1
hyper sekali	4
jalur pintas	4
respons pelanggan memukau	2
bersih sekali	4
sukses	5
forum support luar biasa	5
memudahkan memukau	3
mutakhir banget	2
giga banget!	4
penting terbaik	2
ultra luar biasa	5
tim support cepat sekali	4
berhasil	4
luar biasa memukau	3
zona nyaman banget!	2
eksklusif banget!	3
menarik banget!	5
bebas iklan (opsional) terbaik	5
enkripsi kuat memukau	5
revolusioner optimal	1
murni terbaik	1
mudah luar biasa	4
optimasi baik sekali	1
mudah dipelajari optimal	3
stabilisasi sistem optimal	3
worth it luar biasa	1
demo interaktif memukau	4
elegan	1
kustomisasi lengkap banget	1
nilai plus	4
minimalis terbaik	2
mendukung banyak perangkat	5
versi beta bagus luar biasa	2
pembaruan berkala memukau	1
desain modern memukau	4
ringan banget!	4
manajemen waktu terbaik	3
lancar optimal	3
kapasitas besar banget!	3
pokok banget	2
kelas atas luar biasa	3
akses awal optimal	3
tim support cepat optimal	5
andalan banget	3
berseri terbaik	5
bebas iklan (opsional)	4
berkilau maksimal	5
pengaturan lengkap luar biasa	1
tutorial lengkap banget!	5
pengingat efektif sekali	3
jempolan	4
kompatibilitas luas luar biasa	4
investasi terbaik memukau	3
terjamin banget	5
berfungsi banget!	4
teruji luar biasa	5
detail sempurna luar biasa	3
instruksi mudah banget!	2
dinamis terbaik	3
jelajah luar biasa	3
zona nyaman maksimal	4
penyesuaian otomatis	2
umpan balik cepat sekali	3
brilian memukau	2
data aman terbaik	5
alami memukau	2
teliti sekali	5
instruksi mudah	3
wajib punya terbaik	2
histori lengkap luar biasa	4
betul-betul maksimal	2
menyenangkan banget	3
menakjubkan memukau	2
selalu diandalkan terbaik	1
trusted luar biasa	1
zest maksimal	3
suci terbaik	1
esensial banget!	2
navigasi mudah optimal	5
berbagi cepat terbaik	1
amat terbaik	3
ramah pengguna terbaik	2
terencana	3
inovatif banget!	3
sistem stabil maksimal	3
mantap banget	4
riwayat akurat memukau	4
desain elegan banget	1
langganan sepadan sekali	4
cerdas maksimal	1
total banget	3
terinovatif optimal	5
otentik memukau	3
dasar optimal	3
pilihan utama banget!	2
transisi lancar optimal	1
tata letak rapi terbaik	2
valid terbaik	4
konsumsi rendah luar biasa	2
fresh memukau	1
prima banget!	4
bantuan sigap	3
wajib punya	5
luar biasa sekali	5
artistik optimal	2
forum support banget	1
percobaan gratis	5
tanpa kendala	3
tampilan memukau luar biasa	3
kinerja superior luar biasa	1
efektif terbaik	1
genuine luar biasa	1
opsi kustomisasi maksimal	3
inovatif luar biasa	1
melebihi ekspektasi banget	1
jelas luar biasa	3
menguntungkan maksimal	5
terdepan memukau	3
antarmuka intuitif sekali	3
sistem stabil sekali	5
penelitian aktif	3
akses cepat terbaik	5
jalur pintas memukau	2
kolaborasi mudah banget!	5
akses awal terbaik	2
yakinkan maksimal	2
tanpa lag terbaik	2
sentral	1
asli	4
mega banget	5
fenomenal banget!	2
desain elegan banget!	5
jernih	3
tutorial lengkap luar biasa	4
sejati	4
autentikasi ganda terbaik	3
berkilau luar biasa	5
fresh terbaik	1
respons pelanggan banget	1
sistem stabil luar biasa	2
notifikasi tepat optimal	1
mumpuni banget!	4
pengalaman mulus optimal	2
histori lengkap terbaik	3
kapasitas besar terbaik	2
worth it optimal	3
kerja tim optimal	4
pengaturan lengkap banget!	2
optimasi baik banget!	4
antarmuka intuitif banget	2
dasar banget!	3
integrasi lancar terbaik	3
kurva belajar rendah luar biasa	5
tema menarik banget	3
terbaik mutlak	3
zeal luar biasa	3
pemecah masalah sekali	3
jadwal rapi luar biasa	1
ramah sekali	3
bebas iklan (opsional) memukau	2
penyelesaian masalah banget	1
mutlak banget!	1
cerdas terbaik	2
super optimal	2
pengingat efektif optimal	2
serbaguna terbaik	2
sinkronisasi mulus memukau	5
pemulihan data banget!	5
integrasi lancar memukau	5
ramah memukau	4
fitur premium sekali	2
memuaskan optimal	5
brilian luar biasa	5
solusi cerdas maksimal	3
spektakuler banget!	1
tutorial lengkap	4
multitasking hebat banget!	2
fantastis terbaik	3
berguna banget!	5
tertinggi luar biasa	2
ahli	2
kompatibilitas luas maksimal	3
terjangkau memukau	4
pasti terbaik	3
modern banget!	3
praktis terbaik	1
terbaik banget!	2
sesuai harapan optimal	5
fitur premium memukau	3
bersih maksimal	3
worth it terbaik	1
penyelesaian masalah sekali	5
langganan sepadan terbaik	2
aman sekali	2
pengingat efektif banget!	4
solusi cerdas sekali	2
menarik terbaik	3
pop-up informatif banget!	3
nyaman banget	5
optimis sekali	3
berkapasitas	2
tercepat banget	3
langganan sepadan	3
lintas platform banget!	3
suara jernih luar biasa	2
selalu diandalkan optimal	1
resolusi tinggi luar biasa	5
sangat banget!	1
otentik banget!	2
istimewa maksimal	5
investasi terbaik banget	1
zenit banget!	2
terjamin maksimal	3
terprogram maksimal	1
stabil luar biasa	4
terinovatif luar biasa	5
hemat baterai banget	2
layak diunduh banget!	5
fitur premium banget!	5
total optimal	2
tanpa buffering maksimal	4
vital terbaik	3
presisi tinggi maksimal	4
realistis luar biasa	3
nyaman banget!	3
prioritas terbaik	5
penyesuaian otomatis luar biasa	3
kontrol responsif terbaik	4
profesional maksimal	3
pengembangan pesat memukau	5
berkilau terbaik	3
andalan memukau	5
terbaru banget	1
presisi	2
kualitas HD luar biasa	2
zona nyaman memukau	1
detail	2
inspiratif banget	5
istimewa optimal	1
berguna banget	3
personalizable sekali	1
pembaruan berkala optimal	1
optimis banget!	5
istimewa	2
giga optimal	2
ultra terbaik	3
sangat maksimal	5
desain minimalis	5
enkripsi kuat banget	5
grafis menawan optimal	4
tidak rugi memukau	4
unggah cepat terbaik	5
interaksi mulus optimal	1
tampilan futuristik sekali	4
ramah pengguna optimal	3
hemat waktu optimal	5
pengalaman premium banget!	2
hebat banget	2
akurat sekali	1
grafis menawan memukau	5
kualitas streaming optimal	5
responsif	3
yakinkan banget	4
histori lengkap banget	2
mudah banget	1
sentral maksimal	3
mode offline terbaik	2
melebihi ekspektasi optimal	1
jadwal rapi maksimal	2
trendi terbaik	2
revolusioner banget	1
utama	3
valid sekali	2
interaktif banget	5
akses cepat banget!	5
halus terbaik	1
jempolan sekali	5
presisi tinggi	1
unik banget	3
efisiensi data optimal	4
kreatif banget!	1
mega banget!	5
penting maksimal	2
elegan banget	3
revolusioner memukau	1
menakjubkan banget	3
pesan jelas luar biasa	1
terandal luar biasa	1
mahir	2
grafis menawan terbaik	2
suara jernih banget!	5
berprestasi	5
sempurna banget!	3
indah banget!	2
hyper terbaik	2
optimal maksimal	5
terobosan memukau	3
serbaguna memukau	1
elegan optimal	1
zenit luar biasa	2
murni maksimal	4
suara jernih optimal	3
dukungan prima optimal	5
menguntungkan luar biasa	5
jelajah banget	5
tampilan memukau banget	5
swadaya	5
zona nyaman banget	2
kerja tim luar biasa	3
tercepat	1
gesture intuitif banget	1
kolaborasi mudah sekali	4
interaksi mulus memukau	3
tanpa buffering sekali	4
menarik maksimal	1
kualitas streaming sekali	3
zebra (rapid) memukau	3
terdepan luar biasa	2
cerdas banget	2
hemat waktu memukau	3
perbaikan bug terbaik	5
fantastis sekali	2
penyesuaian otomatis banget!	1
visual optimal	4
aman maksimal	5
pembaruan fitur banget	4
optimal	4
terjamin memukau	2
warna cerah banget	4
terbaik luar biasa	5
zeal sekali	2
tata letak rapi sekali	1
berseri luar biasa	5
luar biasa terbaik	5
daftar cepat maksimal	5
mutlak maksimal	4
mode offline maksimal	1
mumpuni banget	5
ekonomis memukau	4
jernih banget!	1
aman optimal	3
yakin maksimal	2
interaktif memukau	1
positif terbaik	5
kunci memukau	4
memuaskan maksimal	5
warna cerah maksimal	4
trusted	5
daftar cepat banget	3
nilai plus sekali	4
penelitian aktif maksimal	4
ekstra memukau	5
mantap luar biasa	1
optimal sekali	2
streaming mulus luar biasa	1
sangat berharga banget	2
zestful optimal	5
menguntungkan optimal	4
fleksibilitas tinggi banget	2
terstruktur banget	4
tema menarik banget!	5
zeal optimal	5
betul-betul banget	3
bantuan sigap luar biasa	2
terkontrol banget!	4
nilai lebih banget!	3
kinerja superior terbaik	1
transparan luar biasa	5
eksklusif terbaik	3
opsi kustomisasi terbaik	1
fitur kaya banget	3
familiar maksimal	4
brilian maksimal	5
bebas masalah	4
zenit banget	4
pesan jelas memukau	5
tutorial lengkap optimal	5
adaptif terbaik	1
kapasitas besar luar biasa	2
asik optimal	3
kreatif	1
hemat waktu banget	4
presisi tinggi luar biasa	1
unggah cepat sekali	1
akses offline luar biasa	5
nyaman sekali	5
amat optimal	4
gesture intuitif	2
juara	4
mode offline optimal	5
fresh	1
presisi tinggi optimal	1
lengkap memukau	1
stabilisasi sistem memukau	3
fenomenal terbaik	2
sentral luar biasa	2
sesuai harapan terbaik	2
tanpa cela optimal	4
kurva belajar rendah banget	1
bersih memukau	3
teliti maksimal	4
jelas banget	4
transisi lancar banget	1
berhasil banget	5
progresif terbaik	2
mudah banget!	1
panduan jelas terbaik	4
favorit sekali	4
esensial memukau	2
transisi lancar terbaik	5
organik banget	2
sungguh bermanfaat maksimal	2
mode terang luar biasa	4
menyenangkan maksimal	5
lengkap sekali	1
terbagus maksimal	1
bening sekali	5
penggunaan daya rendah sekali	4
zero error maksimal	4
kerja tim memukau	3
kurva belajar rendah	1
tidak rugi maksimal	4
transisi lancar banget!	3
sungguh optimal	5
jelas banget!	2
dinamis luar biasa	1
trendi sekali	2
benar-benar membantu banget	1
terjangkau optimal	2
benar-benar membantu maksimal	3
zona nyaman luar biasa	1
teratur banget	4
hemat baterai terbaik	5
jempolan terbaik	1
hebat optimal	5
unik maksimal	2
asik terbaik	2
tata letak rapi optimal	2
worth it memukau	1
organik luar biasa	5
maksimal luar biasa	2
aman digunakan sekali	5
ekstra banget	2
desain modern luar biasa	3
benar-benar membantu memukau	2
nilai plus maksimal	4
mutlak banget	2
asli sekali	1
terpercaya memukau	4
canggih memukau	4
suci memukau	3
estetis	2
tanpa cela luar biasa	4
utama banget	3
gesture intuitif memukau	4
pengalaman premium memukau	4
komunitas aktif banget	5
roadmap jelas banget	4
roadmap jelas	3
penting optimal	3
hemat waktu sekali	1
kerja tim sekali	4
unik luar biasa	2
kualitas HD optimal	5
tanpa lag banget!	4
prima banget	1
artistik banget!	5
berseri maksimal	3
terlengkap sekali	4
terstruktur sekali	4
suci optimal	3
optimis terbaik	3
mega sekali	1
unggul dari pesaing optimal	2
berkualitas terbaik	2
simpan offline maksimal	2
tanpa kendala optimal	5
rekomendasi tinggi maksimal	5
teruji memukau	3
profesional terbaik	2
tepat	5
yakinkan terbaik	4
sentral terbaik	5
terinovatif terbaik	2
simpan offline optimal	3
sesuai harapan	2
rekomendasi tinggi luar biasa	5
memuaskan	2
optimis	1
tidak rugi banget	2
cepat banget!	4
jelas	1
positif maksimal	2
modern maksimal	2
penggunaan daya rendah luar biasa	3
cerah terbaik	1
forum support memukau	3
intuitif sekali	3
ekstra sekali	5
lancar luar biasa	1
ramah pengguna banget	1
fleksibilitas tinggi memukau	5
termudah luar biasa	1
pengalaman premium	5
optimasi baik banget	4
prioritas banget	4
berseri banget	5
layak diunduh banget	4
bebas masalah luar biasa	2
berbagi cepat memukau	5
bantuan instan banget	5
lancar maksimal	2
worth it	3
versi beta bagus banget	5
privasi terjaga banget	5
terintegrasi luar biasa	4
unik sekali	5
tutorial lengkap banget	3
kunci banget!	4
pengembangan pesat banget	3
valid banget!	4
kinerja superior sekali	1
paling luar biasa	3
jadwal rapi banget	4
fondasi maksimal	3
navigasi mudah terbaik	4
pengaturan lengkap optimal	3
personalizable luar biasa	3
penyimpanan efisien banget!	5
mengesankan	1
riwayat akurat terbaik	4
opsi kustomisasi sekali	3
terbukti sekali	1
teratur banget!	1
pokok maksimal	1
memuaskan banget	3
logis banget!	4
zestful	5
pemulihan data memukau	4
terjamin optimal	1
kreator	2
absolut	1
terpercaya banget	5
berkelas	3
maksimal memukau	3
kontrol responsif luar biasa	1
transparan optimal	2
berbagi cepat maksimal	3
efektif sekali	5
terluas terbaik	5
fondasi	3
ringan terbaik	1
akses awal luar biasa	5
aktif banget	2
sungguh banget	3
terang memukau	3
terandal optimal	5
bagus optimal	1
nilai lebih	1
sukses optimal	5
solusi cerdas	5
resolusi tinggi banget	1
terjamin sekali	5
bagus banget	1
murni memukau	3
rapi	1
mendukung banyak perangkat banget!	3
kontrol penuh terbaik	5
kunci maksimal	2
modern optimal	1
andalan luar biasa	5
kelas satu	5
andalan maksimal	5
kolaborasi mudah banget	3
riwayat akurat banget	5
sederhana luar biasa	2
terlengkap luar biasa	3
respons pelanggan terbaik	4
sungguh bermanfaat banget!	5
bersih terbaik	5
backup otomatis optimal	2
mudah dipelajari terbaik	4
optimasi baik maksimal	3
daftar cepat sekali	3
mutakhir	3
tanpa kendala memukau	5
terkontrol maksimal	3
instruksi mudah banget	2
berfungsi maksimal	1
cepat	5
stabil banget!	5
efektif banget	2
akses cepat luar biasa	3
akses awal sekali	4
integrasi lancar maksimal	4
bening banget!	3
percobaan gratis banget	2
maju sekali	1
pilihan utama terbaik	5
keren memukau	5
aktif memukau	3
akses offline banget!	3
pengalaman premium optimal	3
privasi terjaga memukau	1
ultra banget	2
objektif	5
sederhana banget!	3
valid luar biasa	5
minimalis banget!	4
tema menarik luar biasa	1
transisi lancar sekali	5
vital maksimal	2
konten berlimpah luar biasa	3
praktis maksimal	3
terjamin banget!	4
detail sempurna memukau	2
demo interaktif banget!	4
estetis memukau	2
presisi terbaik	5
benar-benar terbaik	2
terintegrasi banget	1
cerdas luar biasa	4
favorit banget!	4
dahsyat banget	3
menarik	3
sangat banget	3
efisien sekali	1
memudahkan sekali	2
esensial luar biasa	5
desain elegan terbaik	4
kunci	3
zebra (rapid) banget	5
melebihi ekspektasi luar biasa	2
jempolan banget!	4
bebas masalah sekali	1
transisi lancar maksimal	1
familiar	2
zenit sekali	3
desain elegan memukau	3
mutakhir sekali	5
fleksibilitas tinggi	2
autentikasi ganda banget!	1
animasi responsif optimal	4
penggunaan daya rendah banget!	1
dahsyat terbaik	1
desain elegan optimal	2
genuine terbaik	2
terandal sekali	5
zest sekali	4
terkemuka memukau	4
pop-up informatif banget	4
murni luar biasa	1
kunci banget	1
rekomendasi tinggi banget	5
murni banget	3
konten berlimpah banget!	5
data aman maksimal	3
super sekali	3
mega	4
sangat membantu optimal	5
berkelas terbaik	2
handal maksimal	1
positif banget!	2
kompatibel banget!	1
futuristik maksimal	2
luar biasa	4
optimal memukau	5
masa depan cerah banget	4
cerdas memukau	2
desain minimalis banget!	4
terarah luar biasa	2
visualisasi maksimal	3
terbaru memukau	3
penting	5
visualisasi terbaik	3
fitur kaya terbaik	5
inspiratif terbaik	2
terkontrol banget	2
eksklusif sekali	2
estetis optimal	4
nyaman optimal	5
serbaguna sekali	5
asli banget	5
indah maksimal	3
komplit banget	4
umpan balik cepat optimal	4
peningkatan kinerja sekali	3
stabil optimal	3
panduan jelas luar biasa	1
mode gelap memukau	4
serbaguna maksimal	2
demo interaktif optimal	1
mengagumkan	3
tanpa buffering optimal	5
artistik terbaik	5
penting banget	2
mode gelap terbaik	5
pemecah masalah	3
premium banget	4
resolusi tinggi memukau	3
berfungsi luar biasa	2
mudah	3
elegan luar biasa	3
pembaruan berkala sekali	5
terbukti	2
adaptif optimal	3
konten berlimpah banget	1
akses offline memukau	2
terjangkau	5
interaksi mulus	1
mega optimal	5
kompatibel sekali	1
ultra maksimal	1
cerah maksimal	3
terjangkau sekali	3
hyper optimal	1
fleksibel banget	1
trendi luar biasa	2
sejati memukau	3
rekomendasi tinggi banget!	4
betul-betul memukau	2
tampilan futuristik maksimal	4
stabil sekali	4
selalu diandalkan sekali	1
ekstra	3
otentik terbaik	5
komplit terbaik	2
personalizable	3
menguntungkan banget	5
total	4
pengalaman mulus	4
ringan memukau	2
fleksibilitas tinggi optimal	4
detail sempurna maksimal	4
unduh cepat sekali	2
bagus luar biasa	3
instruksi mudah maksimal	4
berkilau sekali	3
esensial terbaik	3
multitasking hebat sekali	4
jelas memukau	4
berseri optimal	1
otentik optimal	2
sangat direkomendasikan luar biasa	3
estetis banget!	4
perintis	4
memuaskan luar biasa	4
kompak banget!	4
pengingat efektif luar biasa	5
backup otomatis banget	1
modern banget	4
prima terbaik	1
terbaik di kelasnya maksimal	3
investasi terbaik terbaik	4
maksimal banget!	5
bantuan sigap banget!	2
kelas atas banget	5
terstruktur luar biasa	4
bantuan sigap terbaik	2
selalu diandalkan luar biasa	2
logis optimal	1
kilat	2
unduh cepat maksimal	1
detail sempurna	1
fleksibilitas tinggi sekali	2
terinovatif	5
utama banget!	1
ringan sekali	2
integrasi lancar sekali	5
penelitian aktif sekali	1
pengguna friendly memukau	1
forum support banget!	2
riwayat akurat luar biasa	1
visioner	5
benar-benar memukau	3
terbukti optimal	5
unggul dari pesaing banget	3
sesuai harapan maksimal	3
mengesankan banget	4
nilai lebih maksimal	5
transparan sekali	5
utama maksimal	2
indah sekali	4
tanpa buffering	5
sangat direkomendasikan optimal	2
yakin banget!	2
terbaik memukau	3
fitur premium banget	2
fleksibilitas tinggi banget!	1
cakap	2
asik banget!	1
terlengkap memukau	1
sistem stabil terbaik	3
interaktif banget!	5
realistis banget!	2
terbaik di kelasnya banget!	4
wajib punya maksimal	1
pesan jelas sekali	4
sangat membantu memukau	2
komunitas aktif sekali	1
terarah banget	2
terintegrasi sekali	4
personalizable optimal	4
warna cerah memukau	2
sederhana optimal	5
terkemuka sekali	2
memuaskan banget!	4
natural terbaik	2
cerdas	4
terarah sekali	3
ekstra optimal	4
fleksibel sekali	5
antarmuka intuitif terbaik	2
penting sekali	3
inspiratif luar biasa	5
kualitas streaming banget	2
mutlak terbaik	4
premium banget!	4
bagus sekali	1
mudah terbaik	1
yakinkan optimal	2
yakinkan memukau	1
berfungsi terbaik	1
zona nyaman	2
nilai lebih memukau	3
berguna	4
intuitif memukau	5
kompak optimal	1
gesture intuitif banget!	2
terpadu	3
kreatif optimal	1
unduh cepat terbaik	4
perbaikan bug memukau	5
kelas atas banget!	1
realistis optimal	5
simpan offline banget!	1
fitur premium maksimal	4
optimasi baik luar biasa	1
hyper maksimal	5
mode terang memukau	5
futuristik sekali	4
hebat luar biasa	3
adaptif	4
autentikasi ganda maksimal	4
backup otomatis luar biasa	3
terbaru luar biasa	1
terprogram banget!	5
interaktif optimal	2
responsif terbaik	5
spektakuler memukau	4
bening banget	4
sangat berharga luar biasa	5
warna cerah	5
efektif luar biasa	2
pengalaman mulus sekali	5
komplit maksimal	1
prima luar biasa	4
konten berlimpah	4
tanpa kendala terbaik	2
memudahkan luar biasa	3
mengesankan memukau	1
mode offline	5
tertinggi memukau	1
tampilan futuristik memukau	3
kualitas streaming maksimal	2
trusted memukau	4
sangat sekali	1
pakar	1
modern luar biasa	3
tim support cepat terbaik	2
minimalis maksimal	5
unggah cepat	5
umpan balik cepat banget!	1
maksimal optimal	1
sungguh bermanfaat banget	1
mode terang sekali	4
praktis	5
zebra (rapid)	2
penyimpanan efisien luar biasa	1
mantap terbaik	1
istimewa terbaik	5
backup otomatis terbaik	3
sempurna luar biasa	5
personalizable memukau	5
inovasi berkelanjutan sekali	3
fantastis optimal	3
mutakhir luar biasa	2
akses offline optimal	2
layak diunduh maksimal	4
terinovatif maksimal	3
jempolan luar biasa	2
zeal banget	2
berkualitas maksimal	2
pelopor	4
tutorial visual memukau	5
benar-benar banget!	2
handal banget!	5
inti maksimal	1
berdaya	5
tanpa lag	2
konsumsi rendah	1
notifikasi tepat memukau	1
jalur pintas optimal	3
lengkap optimal	1
enkripsi kuat sekali	1
teratur maksimal	1
mengesankan sekali	2
sangat memukau	3
masa depan cerah banget!	2
bantuan instan terbaik	4
jalur pintas terbaik	4
kontrol responsif optimal	1
elegan memukau	1
multitasking hebat luar biasa	3
fenomenal	5
sejati maksimal	5
positif optimal	2
ultra memukau	3
tampilan futuristik banget	3
zona nyaman terbaik	4
mudah dipelajari memukau	4
navigasi mudah banget!	4
animasi responsif banget!	2
pemecah masalah memukau	5
multitasking hebat optimal	4
simpan offline	2
efisiensi data sekali	5
komplit luar biasa	4
bagus memukau	2
mantap maksimal	1
fresh sekali	2
pengingat efektif banget	2
terinovatif banget!	3
ujicoba gratis luar biasa	2
visual yang menakjubkan banget!	5
paling maksimal	1
berguna memukau	1
mutakhir terbaik	2
penyimpanan efisien memukau	3
pemulihan data maksimal	4
opsi kustomisasi banget	2
teratur memukau	3
fantastis maksimal	5
pembaruan fitur banget!	3
zeal maksimal	2
keren maksimal	2
roadmap jelas optimal	2
interaksi mulus maksimal	3
selalu diandalkan	2
aktif luar biasa	3
brilian	3
premium terbaik	2
berkelas optimal	5
pengguna friendly luar biasa	2
zenit maksimal	1
sendiri	3
kompatibel luar biasa	4
terorganisir	3
efektif	2
desain elegan luar biasa	4
tema menarik optimal	1
masa depan cerah luar biasa	3
inti	5
optimasi baik	1
handal banget	4
berkelas maksimal	3
autentik	2
keren banget	4
kualitas HD terbaik	4
detail sempurna terbaik	1
personal	1
pembaruan berkala	2
pop-up informatif luar biasa	3
layak diunduh memukau	3
sinkronisasi mulus banget	1
optimasi baik optimal	2
termudah banget	3
visual maksimal	5
animasi halus maksimal	3
unggulan luar biasa	3
visualisasi sekali	4
simpan offline luar biasa	3
modern sekali	4
berseri memukau	2
solid banget!	2
berseri banget!	1
terjangkau maksimal	2
premium sekali	3
kompatibilitas luas sekali	3
efisien luar biasa	3
jernih banget	2
sungguh luar biasa	1
sangat berharga optimal	4
tidak rugi optimal	4
aktif banget!	4
brilian banget!	3
sungguh terbaik	1
trusted banget!	3
animasi responsif memukau	1
bagus	1
terjamin	2
mode terang banget	3
terprogram terbaik	5
pengaturan lengkap memukau	4
terjangkau banget	2
visualisasi banget	4
serbaguna optimal	5
jernih terbaik	3
peningkatan kinerja optimal	5
responsif sekali	1
solid memukau	5
sejati sekali	3
total luar biasa	1
canggih banget!	5
penting banget!	3
pop-up informatif sekali	2
detail sempurna banget	2
produktif banget	2
animasi halus banget	1
pop-up informatif maksimal	2
konkret	5
ringan optimal	5
logis memukau	4
indah terbaik	1
nilai lebih terbaik	5
umpan balik cepat memukau	2
panduan jelas memukau	4
indah	1
indah luar biasa	4
praktis optimal	2
pokok luar biasa	5
pengguna friendly banget!	1
ramah pengguna banget!	1
benar-benar banget	2
produktif memukau	1
zero error memukau	2
inspiratif banget!	3
asli maksimal	3
keren sekali	3
pengembangan pesat banget!	2
revolusioner luar biasa	2
organik terbaik	4
terobosan terbaik	4
desain modern	2
murni optimal	2
berguna optimal	2
sungguh maksimal	2
prioritas optimal	3
percobaan gratis terbaik	1
manajemen waktu banget	1
benar-benar luar biasa	5
penyimpanan efisien maksimal	4
masa depan cerah maksimal	5
trendi banget!	5
profesional banget!	5
sederhana maksimal	3
nilai lebih luar biasa	5
instruksi mudah luar biasa	4
kerja tim	3
sistem stabil banget	3
spektakuler terbaik	4
navigasi mudah	1
ekonomis banget	3
pembaruan berkala banget	3
asli terbaik	4
multitasking hebat maksimal	5
akses cepat optimal	5
stabilisasi sistem banget	3
terbagus	5
andalan	2
menakjubkan optimal	1
memudahkan	3
genuine sekali	5
ramah banget	5
paling sekali	4
fitur kaya luar biasa	2
maju terbaik	2
kelas atas sekali	4
yakin	5
bebas masalah banget	5
harmonis	2
berbagi cepat banget	4
unggah cepat optimal	3
perlindungan data banget!	1
revolusioner terbaik	3
mantap sekali	2
otentik luar biasa	3
kualitas streaming terbaik	4
nilai plus terbaik	4
mandiri	3
transparan memukau	5
berguna maksimal	1
terkemuka banget	4
prima	4
pembaruan fitur maksimal	2
teruji maksimal	4
dahsyat sekali	5
personalizable terbaik	2
futuristik luar biasa	5
mengagumkan optimal	4
multitasking hebat banget	3
ramah terbaik	5
berkualitas sekali	2
mantap banget!	5
menarik luar biasa	5
berbagi cepat	2
produktifitas meningkat optimal	5
kontrol penuh	3
vital	5
inovatif banget	4
terintegrasi maksimal	3
sangat membantu banget	1
menarik optimal	2
fleksibel optimal	1
solid	5
unik memukau	1
terbaru optimal	2
asik	3
tim support cepat banget	2
benar-benar optimal	2
peningkatan kinerja maksimal	1
terpercaya banget!	2
unik banget!	3
terperinci	2
terbaru maksimal	4
alami luar biasa	4
privasi terjaga banget!	2
transisi lancar memukau	2
interaktif	3
prioritas banget!	3
intuitif banget!	1
terkemuka banget!	4
sungguh bermanfaat terbaik	5
profesional	5
masa depan cerah terbaik	2
forum support sekali	1
desain modern banget!	3
konten berlimpah terbaik	2
optimasi baik terbaik	3
data aman sekali	2
fenomenal banget	3
hyper luar biasa	3
terang banget	1
sangat direkomendasikan banget	2
terbaik di kelasnya	4
komunitas aktif terbaik	3
penyelesaian masalah luar biasa	2
backup otomatis sekali	2
yakinkan	5
kompatibel maksimal	2
terkemuka luar biasa	5
penggunaan daya rendah terbaik	4
tanpa lag banget	2
inovasi berkelanjutan	1
pemulihan data banget	5
teruji	5
tertinggi terbaik	5
dukungan prima maksimal	1
cerah	4
cepat optimal	3
andalan optimal	1
maju optimal	2
presisi tinggi terbaik	2
gesture intuitif sekali	4
terluas	1
interaktif sekali	3
berguna luar biasa	3
bebas iklan (opsional) banget!	4
fresh banget!	2
resolusi tinggi terbaik	1
streaming mulus banget!	4
benar-benar membantu terbaik	1
visual banget	1
lancar banget	2
individu	5
sungguh	4
komunitas aktif maksimal	4
nilai lebih sekali	4
jernih luar biasa	3
prioritas	1
demo interaktif sekali	5
terintegrasi banget!	1
terarah memukau	5
zero error luar biasa	5
solusi cerdas luar biasa	3
prioritas luar biasa	5
prioritas maksimal	1
hebat	5
inovasi berkelanjutan banget!	5
elegan maksimal	5
zest memukau	2
jadwal rapi	1
notifikasi tepat sekali	3
dukungan prima terbaik	5
penelitian aktif luar biasa	4
kualitas streaming memukau	3
panduan langkah demi langkah banget!	5
solusi cerdas banget!	4
ekstra luar biasa	2
terbagus sekali	2
komunitas aktif banget!	2
yakinkan sekali	4
bantuan instan maksimal	5
produktifitas meningkat banget	3
sederhana sekali	1
bantuan instan optimal	2
gesture intuitif optimal	1
visual yang menakjubkan sekali	1
zestful terbaik	5
fleksibel maksimal	3
perbaikan bug banget	1
langganan sepadan banget	4
jelajah maksimal	3
terjangkau terbaik	3
daftar cepat optimal	2
fitur premium luar biasa	2
perbaikan bug optimal	4
cepat maksimal	4
ujicoba gratis optimal	5
aman digunakan banget!	4
kapasitas besar optimal	2
handal	3
dinamis maksimal	4
produktifitas meningkat memukau	2
pengingat efektif maksimal	3
jalur pintas banget	2
sejati terbaik	2
unggul dari pesaing luar biasa	2
amat	2
inovator	3
warna cerah terbaik	1
teliti terbaik	1
desain modern terbaik	5
grafis menawan luar biasa	1
jernih maksimal	4
terbukti luar biasa	5
cerdas optimal	3
terbagus terbaik	1
yakin optimal	1
suci banget!	1
proporsional	3
personalizable banget!	3
daftar cepat memukau	1
integrasi lancar banget!	5
roadmap jelas luar biasa	3
teratur luar biasa	5
animasi responsif sekali	2
akurat optimal	4
suara jernih maksimal	4
berkualitas	1
investasi terbaik optimal	5
fitur kaya maksimal	5
pasti banget	2
seimbang	2
data aman memukau	2
penggunaan daya rendah maksimal	3
kompak maksimal	1
total banget!	3
kompatibilitas luas memukau	1
terinovatif banget	1
otentik sekali	4
intuitif luar biasa	2
rekomendasi tinggi optimal	2
kompatibilitas luas	3
penting memukau	3
ramah pengguna memukau	4
nilai plus luar biasa	3
inovasi berkelanjutan optimal	2
aman terbaik	2
kustomisasi lengkap luar biasa	3
konsumsi rendah optimal	3
nyata banget	2
tutorial visual banget!	2
sangat terbaik	5
tanpa cela memukau	3
pemecah masalah maksimal	4
akses awal banget	1
ringan maksimal	5
mumpuni terbaik	2
jelajah terbaik	2
kualitas HD sekali	1
tampilan futuristik banget!	3
terintegrasi terbaik	3
paling memukau	3
super luar biasa	2
jempolan maksimal	4
inovasi berkelanjutan banget	2
ujicoba gratis banget!	4
roadmap jelas maksimal	4
animasi responsif	5
premium memukau	3
ujicoba gratis memukau	5
terang luar biasa	3
mendukung banyak perangkat terbaik	1
panduan jelas optimal	4
desain modern sekali	2
hemat waktu	4
tutorial lengkap maksimal	3
amat luar biasa	1
terlengkap terbaik	1
sempurna	2
peningkatan kinerja banget!	4
dinamis	5
pengembangan pesat optimal	5
jelas optimal	2
terjangkau luar biasa	1
memuaskan memukau	1
ringan banget	4
responsif optimal	1
teratur terbaik	5
akses awal maksimal	1
berbeda	2
brilian terbaik	4
lintas platform maksimal	2
ultra sekali	5
kreatif maksimal	1
terobosan	2
pemulihan data	5
sinkronisasi mulus banget!	3
tidak rugi luar biasa	4
favorit banget	2
optimis luar biasa	2
logis terbaik	2
ekstra banget!	5
kinerja superior banget!	1
menarik sekali	2
komplit	1
pokok terbaik	4
praktis banget	5
terandal memukau	1
konsumsi rendah banget	4
betul-betul terbaik	1
notifikasi tepat	5
terkontrol memukau	1
produktif luar biasa	3
sederhana terbaik	1
unggah cepat luar biasa	2
peningkatan kinerja banget	5
stabilisasi sistem sekali	2
elegan banget!	4
kualitas streaming	2
terarah	1
mudah dipelajari luar biasa	2
navigasi mudah banget	1
trendi	2
positif	5
terobosan optimal	3
percobaan gratis banget!	3
mega maksimal	4
fenomenal maksimal	1
profesional memukau	2
visualisasi	1
menguntungkan banget!	2
autentikasi ganda sekali	5
sentral banget	2
tampilan futuristik	5
kompatibilitas luas optimal	4
alami optimal	2
unduh cepat optimal	3
stabil	1
penyelesaian masalah banget!	2
fantastis luar biasa	4
optimal luar biasa	4
mutlak luar biasa	3
terdepan terbaik	5
terprogram sekali	5
produktif	3
hyper memukau	2
demonstrasi fitur optimal	2
inspiratif memukau	3
akurat	3
inovatif terbaik	4
menguntungkan	4
efisien memukau	4
bebas masalah maksimal	3
alami sekali	2
roadmap jelas terbaik	1
pokok optimal	4
dinamis optimal	1
produktifitas meningkat sekali	4
terbagus luar biasa	1
resolusi tinggi banget!	5
favorit maksimal	2
genuine banget!	4
trendi banget	4
terpercaya	1
ramah optimal	4
penelitian aktif banget	5
kompak terbaik	1
dasar memukau	2
ultra optimal	4
terkemuka terbaik	4
kustomisasi lengkap memukau	2
superioritas	1
kinerja superior memukau	1
versi beta bagus	1
terstruktur banget!	4
jelajah sekali	3
autentikasi ganda optimal	4
spektakuler banget	4
luar biasa banget!	5
maksimal maksimal	5
terobosan banget!	4
tanpa kendala banget	1
